Crop,Herbaceous/woody,Pathway_Fuller,Pathway_Fuller_Cleaned
Zizania_latifolia,Woody, Tuber (but young shoots are eaten),Tuber (but young shoots are eaten)
Semecarpus_anacardium_,Herbaceous,Apparemently not cultivated other than as an ornemental - but medicinal -- get rid off,NA
Cordyline_fruticosa_,Woody,Cultivated as an ornemental -- get rid off??,NA
Panicum_virgatum,Herbaceous,Cultivated as an ornemental -- get rid off??,NA
Petrosedum_rupestre,Herbaceous,Cultivated only as an ornemental -- get rid off??,NA
Puccinellia_nuttalliana,Herbaceous,Cultivation unlikely as fodder,NA
Crotalaria_micans,Herbaceous,Cultivation unsure -- get rid off?,NA
Camellia_japonica_,Woody,Directed pathway -- ornemental,Ornamental
Osmanthus_fragrans,Woody,Directed pathway -- ornemental,Ornamental
Agave_tequilana_,Herbaceous,Ecosystem engineering,Ecosystem engineering
Aloe_vera,Herbaceous,Ecosystem engineering,Ecosystem engineering
Canarium_ovatum,Herbaceous,Ecosystem engineering,Ecosystem engineering
Elaeis_guineensis,Herbaceous,Ecosystem engineering,Ecosystem engineering
Ensete_ventricosum,Herbaceous,Ecosystem engineering,Ecosystem engineering
Pandanus_amaryllifolius,Herbaceous,Ecosystem engineering,Ecosystem engineering
Acer_saccharum_,Woody,Ecosystem engineering,Ecosystem engineering
Adansonia_digitata_,Woody,Ecosystem engineering,Ecosystem engineering
Areca_catechu,Woody,Ecosystem engineering,Ecosystem engineering
Arenga_pinnata_,Woody,Ecosystem engineering,Ecosystem engineering
Argania_spinosa_,Woody,Ecosystem engineering,Ecosystem engineering
Artocarpus_altilis,Woody,Ecosystem engineering,Ecosystem engineering
Artocarpus_heterophyllus_,Woody,Ecosystem engineering,Ecosystem engineering
Artocarpus_integer_,Woody,Ecosystem engineering,Ecosystem engineering
Artocarpus_lacucha_,Woody,Ecosystem engineering,Ecosystem engineering
Artocarpus_rigidus_,Woody,Ecosystem engineering,Ecosystem engineering
Baccaurea_dulcis_,Woody,Ecosystem engineering,Ecosystem engineering
Baccaurea_racemosa_,Woody,Ecosystem engineering,Ecosystem engineering
Baccaurea_ramiflora_,Woody,Ecosystem engineering,Ecosystem engineering
Bactris_gasipaes,Woody,Ecosystem engineering,Ecosystem engineering
Bertholletia_excelsa_,Woody,Ecosystem engineering,Ecosystem engineering
Brosimum_alicastrum,Woody,Ecosystem engineering,Ecosystem engineering
Canarium_indicum,Woody,Ecosystem engineering,Ecosystem engineering
Ceiba_pentandra_,Woody,Ecosystem engineering,Ecosystem engineering
Chamaedorea_tepejilote_,Woody,Ecosystem engineering,Ecosystem engineering
Clausena_anisata,Woody,Ecosystem engineering,Ecosystem engineering
Cocos_nucifera,Woody,Ecosystem engineering,Ecosystem engineering
Crescentia_cujete,Woody,Ecosystem engineering,Ecosystem engineering
Dipteryx_odorata,Woody,Ecosystem engineering,Ecosystem engineering
Euterpe_oleracea_,Woody,Ecosystem engineering,Ecosystem engineering
Genipa_americana_,Woody,Ecosystem engineering,Ecosystem engineering
Inga_edulis,Woody,Ecosystem engineering,Ecosystem engineering
Inga_feuillei,Woody,Ecosystem engineering,Ecosystem engineering
Inga_laurina,Woody,Ecosystem engineering,Ecosystem engineering
Inocarpus_fagifer,Woody,Ecosystem engineering,Ecosystem engineering
Mesua_ferrea_,Woody,Ecosystem engineering,Ecosystem engineering
Metroxylon_sagu_,Woody,Ecosystem engineering,Ecosystem engineering
Pandanus_tectorius,Woody,Ecosystem engineering,Ecosystem engineering
Parmentiera_cereifera,Woody,Ecosystem engineering,Ecosystem engineering
Phoenix_atlantica_,Woody,Ecosystem engineering,Ecosystem engineering
Phoenix_sylvestris_,Woody,Ecosystem engineering,Ecosystem engineering
Pithecellobium_dulce,Woody,Ecosystem engineering,Ecosystem engineering
Pouteria_caimito_,Woody,Ecosystem engineering,Ecosystem engineering
Salacca_zalacca_,Woody,Ecosystem engineering,Ecosystem engineering
Schinus_molle,Woody,Ecosystem engineering,Ecosystem engineering
Sclerocarya_birrea,Woody,Ecosystem engineering,Ecosystem engineering
Spondias_purpurea,Woody,Ecosystem engineering,Ecosystem engineering
Stelechocarpus_burahol,Woody,Ecosystem engineering,Ecosystem engineering
Terminalia_catappa,Woody,Ecosystem engineering,Ecosystem engineering
Theobroma_bicolor,Woody,Ecosystem engineering,Ecosystem engineering
Theobroma_cacao,Woody,Ecosystem engineering,Ecosystem engineering
Theobroma_grandiflorum,Woody,Ecosystem engineering,Ecosystem engineering
Theobroma_microcarpum_,Woody,Ecosystem engineering,Ecosystem engineering
Tylosema_esculentum,Woody,Ecosystem engineering,Ecosystem engineering
Vangueria_madagascariensis_,Woody,Ecosystem engineering,Ecosystem engineering
Laurus_nobilis_,Woody,Ecosystem engineering,Ecosystem engineering
Lecythis_zabucajo,Woody,Ecosystem engineering,Ecosystem engineering
Leptospermum_laevigatum,Woody,Ecosystem engineering,Ecosystem engineering
Limonia_acidissima,Woody,Ecosystem engineering,Ecosystem engineering
Moringa_stenopetala,Woody,Ecosystem engineering,Ecosystem engineering
Murraya_koenigii_,Woody,Ecosystem engineering,Ecosystem engineering
Myristica_fragrans,Woody,Ecosystem engineering,Ecosystem engineering
Ocotea_quixos_,Woody,Ecosystem engineering,Ecosystem engineering
Parkia_biglobosa,Woody,Ecosystem engineering,Ecosystem engineering
Pimenta_dioica,Woody,Ecosystem engineering,Ecosystem engineering
Syzygium_aromaticum,Woody,Ecosystem engineering,Ecosystem engineering
Capparis_spinosa_,Woody,Ecosystem engineering,Ecosystem engineering
Cinnamomum_burmannii,Woody,Ecosystem engineering,Ecosystem engineering
Cinnamomum_loureiroi_,Woody,Ecosystem engineering,Ecosystem engineering
Cinnamomum_tamala_,Woody,Ecosystem engineering,Ecosystem engineering
Cinnamomum_verum,Woody,Ecosystem engineering,Ecosystem engineering
Gleditsia_japonica,Woody,Ecosystem engineering,Ecosystem engineering
Gleditsia_triacanthos,Woody,Ecosystem engineering,Ecosystem engineering
Hovenia_dulcis,Woody,Ecosystem engineering,Ecosystem engineering
Ilex_paraguariensis_,Woody,Ecosystem engineering,Ecosystem engineering
Illicium_verum,Woody,Ecosystem engineering,Ecosystem engineering
Vitellaria_paradoxa_,Woody,Ecosystem engineering,Ecosystem engineering
Salsola_soda,Herbaceous,Ecosystem engineering,Ecosystem engineering
Parkia_speciosa,Woody,Ecosystem engineering,Ecosystem engineering
Stenocereus_griseus_,Woody,Ecosystem engineering,Ecosystem engineering
Stenocereus_pruinosus_,Woody,Ecosystem engineering,Ecosystem engineering
Stenocereus_queretaroensis_,Woody,Ecosystem engineering,Ecosystem engineering
Stenocereus_stellatus_,Woody,Ecosystem engineering,Ecosystem engineering
Opuntia_cochenillifera_,Woody,Ecosystem engineering,Ecosystem engineering
Canarium_album,Woody,Ecosystem engineering,Ecosystem engineering
Carya_cathayensis_,Woody,Ecosystem engineering,Ecosystem engineering
Carya_ovata_,Woody,Ecosystem engineering,Ecosystem engineering
Catha_edulis,Woody,Ecosystem engineering,Ecosystem engineering
Cereus_hexagonus_,Woody,Ecosystem engineering,Ecosystem engineering
Combretum_indicum,Woody,Ecosystem engineering,Ecosystem engineering
Croton_tiglium,Woody,Ecosystem engineering,Ecosystem engineering
Irvingia_gabonensis,Woody,Ecosystem engineering,Ecosystem engineering
Jasminum_sambac_,Woody,Ecosystem engineering,Ecosystem engineering
Jatropha_curcas_,Woody,Ecosystem engineering,Ecosystem engineering
Leucaena_leucocephala,Herbaceous,Ecosystem engineering,Ecosystem engineering
Moringa_oleifera,Woody,Ecosystem engineering,Ecosystem engineering
Mammea_americana_,Woody,Ecosystem engineering (?),Ecosystem engineering
Anredera_baselloides_,Woody,"Ecosystem engineering (but clearly no domestication or even cultivation, and probably no ancient use food food [root tubers]?--DROP??)",NA
Anredera_cordifolia_,Woody,"Ecosystem engineering (but clearly no domestication or even cultivation, and probably no ancient use food food [root tubers]?--DROP??)",Ecosystem engineering
Allospondias_lakonensis_,Woody,Ecosystem engineering (but domestication unclear),Ecosystem engineering
Antidesma_bunius_,Woody,Ecosystem engineering (but domestication unclear),Ecosystem engineering
Azadirachta_indica,Woody,Ecosystem engineering (but domestication unclear),Ecosystem engineering
Omphalea_diandra,Woody,Ecosystem engineering (but domestication unclear),Ecosystem engineering
Sapindus_mukorossi,Woody,Ecosystem engineering (but domestication unclear),Ecosystem engineering
Sesbania_grandiflora,Woody,Ecosystem engineering (but domestication unclear),Ecosystem engineering
Allophylus_cobbe_,Woody,Ecosystem engineering (but domestication unlikely),NA
Pangium_edule_,Woody,Ecosystem engineering (but harvested from the wild -- not sure if we can include it),NA
Chloranthus_spicatus,Herbaceous,"Ecosystem engineering (but not much cultivated, and only as a medicinal plant)",NA
Pistacia_lentiscus,Woody,Ecosystem engineering (but rarely cultivated),NA
Campomanesia_guaviroba,Woody,Ecosystem engineering (domestication unsure),NA
Crambe_maritima_,Herbaceous,"Ecosystem engineering (mostly wild harvested from its coastal habitat, cultivation probably not extensive)",Ecosystem engineering
Broussonetia_luzonica_,Woody,"Ecosystem engineering but only medicinal, and cultivation unsure, probably best to get rid of",NA
Yucca_gigantea,Woody,"Ecosystem engineering, but ancient cultiation unsure",Ecosystem engineering
Lepisanthes_rubiginosa,Woody,Ecosystem engineering: medicinal,Ecosystem engineering
Myrceugenia_lanceolata_,Herbaceous,"Edible fruits, but it doesn't seem cultivated -- get rid off",NA
Abutilon_theophrasti_,Herbaceous,Fibre,Fibre
Cannabis_sativa,Herbaceous,Fibre,Fibre
Corchorus_olitorius_,Herbaceous,Fibre,Fibre
Corchorus_trilocularis,Herbaceous,Fibre,Fibre
Linum_usitatissimum,Herbaceous,Fibre,Fibre
Urena_lobata_,Herbaceous,Fibre,Fibre
Cortaderia_selloana,Woody,Fibre,Fibre
Gossypium_herbaceum,Woody,Fibre,Fibre
Gossypium_hirsutum_,Woody,Fibre,Fibre
Hibiscus_cannabinus_,Woody,Fibre,Fibre
Vicia_graminea,Herbaceous,Fodder crop but cultivation unsure -- get rid off,NA
Vicia_sepium,Herbaceous,Fodder crop but cultivation unsure -- get rid off,NA
Vicia_tetrasperma,Herbaceous,Fodder crop but cultivation unsure -- get rid off,NA
Vicia_unijuga,Herbaceous,Fodder crop but cultivation unsure -- get rid off,NA
Duchesnea_filipendula,Herbaceous,Fruit (not tree),Fruit (not tree)
Fragaria_×_ananassa,Herbaceous,Fruit (not tree),Fruit (not tree)
Fragaria_viridis,Herbaceous,Fruit (not tree),Fruit (not tree)
Acca_sellowiana,Herbaceous,Fruit tree,Fruit tree
Ananas_comosus,Herbaceous,Fruit tree,Fruit tree
Ananas_cosmosus_var._parguazensis_,Herbaceous,Fruit tree,Fruit tree
Carissa_macrocarpa_,Herbaceous,Fruit tree,Fruit tree
Malus_prunifolia,Herbaceous,Fruit tree,Fruit tree
Morus_mongolica,Herbaceous,Fruit tree,Fruit tree
Olea_europaea,Herbaceous,Fruit tree,Fruit tree
Opuntia_ficus-indica,Herbaceous,Fruit tree,Fruit tree
Piper_guineense,Herbaceous,Fruit tree,Fruit tree
Piper_longum,Herbaceous,Fruit tree,Fruit tree
Pistacia_vera_,Herbaceous,Fruit tree,Fruit tree
Vaccinium_macrocarpon,Herbaceous,Fruit tree,Fruit tree
Vitis_rotundifolia_,Herbaceous,Fruit tree,Fruit tree
Actinidia_arguta,Woody,Fruit tree,Fruit tree
Actinidia_deliciosa_,Woody,Fruit tree,Fruit tree
Actinidia_kolomikta_,Woody,Fruit tree,Fruit tree
Actinidia_polygama,Woody,Fruit tree,Fruit tree
Amelanchier_alnifolia,Woody,Fruit tree,Fruit tree
Anacardium_occidentale,Woody,Fruit tree,Fruit tree
Annona_cherimola_,Woody,Fruit tree,Fruit tree
Annona_macroprophyllata_,Woody,Fruit tree,Fruit tree
Annona_montana_,Woody,Fruit tree,Fruit tree
Annona_muricata_,Woody,Fruit tree,Fruit tree
Annona_purpurea,Woody,Fruit tree,Fruit tree
Annona_reticulata_,Woody,Fruit tree,Fruit tree
Annona_squamosa_,Woody,Fruit tree,Fruit tree
Asimina_triloba_,Woody,Fruit tree,Fruit tree
Balanites_aegyptiaca,Woody,Fruit tree,Fruit tree
Blighia_sapida,Woody,Fruit tree,Fruit tree
Carica_papaya_,Woody,Fruit tree,Fruit tree
Carya_illinoinensis_,Woody,Fruit tree,Fruit tree
Castanea_crenata_,Woody,Fruit tree,Fruit tree
Castanea_dentata_,Woody,Fruit tree,Fruit tree
Castanea_mollissima_,Woody,Fruit tree,Fruit tree
Castanea_pumila,Woody,Fruit tree,Fruit tree
Castanea_sativa_,Woody,Fruit tree,Fruit tree
Ceratonia_siliqua,Woody,Fruit tree,Fruit tree
Chrysobalanus_icaco,Woody,Fruit tree,Fruit tree
Chrysophyllum_cainito_,Woody,Fruit tree,Fruit tree
Citrus_×_aurantiifolia_,Woody,Fruit tree,Fruit tree
Citrus_×_aurantium,Woody,Fruit tree,Fruit tree
Citrus_×_latifolia_,Woody,Fruit tree,Fruit tree
Citrus_×_microcarpa_,Woody,Fruit tree,Fruit tree
Citrus_×_paradisi_,Woody,Fruit tree,Fruit tree
Citrus_×_sinensis_,Woody,Fruit tree,Fruit tree
Citrus_×_taitensis,Woody,Fruit tree,Fruit tree
Citrus_hystrix,Woody,Fruit tree,Fruit tree
Citrus_japonica_,Woody,Fruit tree,Fruit tree
Citrus_limon_,Woody,Fruit tree,Fruit tree
Citrus_maxima,Woody,Fruit tree,Fruit tree
Citrus_medica,Woody,Fruit tree,Fruit tree
Citrus_reticulata_,Woody,Fruit tree,Fruit tree
Clausena_lansium_,Woody,Fruit tree,Fruit tree
Coffea_arabica,Woody,Fruit tree,Fruit tree
Coffea_canephora,Woody,Fruit tree,Fruit tree
Coffea_congensis_,Woody,Fruit tree,Fruit tree
Coffea_liberica,Woody,Fruit tree,Fruit tree
Cormus_domestica,Woody,Fruit tree,Fruit tree
Corylus_avellana_,Woody,Fruit tree,Fruit tree
Corylus_chinensis_,Woody,Fruit tree,Fruit tree
Corylus_heterophylla,Woody,Fruit tree,Fruit tree
Corylus_maxima,Woody,Fruit tree,Fruit tree
Corylus_sieboldiana,Woody,Fruit tree,Fruit tree
Cydonia_oblonga,Woody,Fruit tree,Fruit tree
Cyrtocarpa_procera_,Woody,Fruit tree,Fruit tree
Dacryodes_edulis_,Woody,Fruit tree,Fruit tree
Dimocarpus_longan_,Woody,Fruit tree,Fruit tree
Diospyros_discolor_,Woody,Fruit tree,Fruit tree
Diospyros_ebenum,Woody,Fruit tree,Fruit tree
Diospyros_kaki,Woody,Fruit tree,Fruit tree
Diospyros_lotus,Woody,Fruit tree,Fruit tree
Diospyros_nigra,Woody,Fruit tree,Fruit tree
Diospyros_virginiana_,Woody,Fruit tree,Fruit tree
Dovyalis_caffra_,Woody,Fruit tree,Fruit tree
Dovyalis_hebecarpa_,Woody,Fruit tree,Fruit tree
Durio_oxleyanus_,Woody,Fruit tree,Fruit tree
Durio_zibethinus_,Woody,Fruit tree,Fruit tree
Elaeagnus_multiflora_,Woody,Fruit tree,Fruit tree
Elaeagnus_pungens,Woody,Fruit tree,Fruit tree
Elaeocarpus_floribundus,Woody,Fruit tree,Fruit tree
Eriobotrya_japonica,Woody,Fruit tree,Fruit tree
Eugenia_pyriformis_,Woody,Fruit tree,Fruit tree
Eugenia_uniflora_,Woody,Fruit tree,Fruit tree
Ficus_auriculata_,Woody,Fruit tree,Fruit tree
Ficus_carica,Woody,Fruit tree,Fruit tree
Ficus_sycomorus_,Woody,Fruit tree,Fruit tree
Flacourtia_indica,Woody,Fruit tree,Fruit tree
Flacourtia_rukam_,Woody,Fruit tree,Fruit tree
Garcinia_cochinchinensis,Woody,Fruit tree,Fruit tree
Garcinia_dulcis,Woody,Fruit tree,Fruit tree
Garcinia_indica,Woody,Fruit tree,Fruit tree
Garcinia_madruno,Woody,Fruit tree,Fruit tree
Garcinia_mangostana,Woody,Fruit tree,Fruit tree
Garcinia_multiflora,Woody,Fruit tree,Fruit tree
Garcinia_pedunculata,Woody,Fruit tree,Fruit tree
Garcinia_prainiana,Woody,Fruit tree,Fruit tree
Garcinia_xanthochymus,Woody,Fruit tree,Fruit tree
Juglans_ailanthifolia_,Woody,Fruit tree,Fruit tree
Juglans_hindsii_,Woody,Fruit tree,Fruit tree
Juglans_mollis_,Woody,Fruit tree,Fruit tree
Juglans_neotropica,Woody,Fruit tree,Fruit tree
Juglans_nigra_,Woody,Fruit tree,Fruit tree
Juglans_regia,Woody,Fruit tree,Fruit tree
Litchi_chinensis_,Woody,Fruit tree,Fruit tree
Lycium_chinense,Woody,Fruit tree,Fruit tree
Macadamia_integrifolia_,Woody,Fruit tree,Fruit tree
Malpighia_emarginata_,Woody,Fruit tree,Fruit tree
Malus_asiatica,Woody,Fruit tree,Fruit tree
Malus_baccata,Woody,Fruit tree,Fruit tree
Malus_domestica,Woody,Fruit tree,Fruit tree
Malus_hupehensis,Woody,Fruit tree,Fruit tree
Malus_micromalus,Woody,Fruit tree,Fruit tree
Malus_sieboldii,Woody,Fruit tree,Fruit tree
Malus_spectabilis,Woody,Fruit tree,Fruit tree
Malus_turkmenorum,Woody,Fruit tree,Fruit tree
Mangifera_caesia,Woody,Fruit tree,Fruit tree
Mangifera_foetida,Woody,Fruit tree,Fruit tree
Mangifera_indica,Woody,Fruit tree,Fruit tree
Mangifera_odorata_,Woody,Fruit tree,Fruit tree
Manilkara_zapota_,Woody,Fruit tree,Fruit tree
Matisia_cordata,Woody,Fruit tree,Fruit tree
Melicoccus_bijugatus_,Woody,Fruit tree,Fruit tree
Mespilus_germanica,Woody,Fruit tree,Fruit tree
Morus_alba,Woody,Fruit tree,Fruit tree
Morus_nigra,Woody,Fruit tree,Fruit tree
Morus_rubra,Woody,Fruit tree,Fruit tree
Myrica_rubra,Woody,Fruit tree,Fruit tree
Nephelium_lappaceum_,Woody,Fruit tree,Fruit tree
Nephelium_mutabile_,Woody,Fruit tree,Fruit tree
Opuntia_boldinghii,Woody,Fruit tree,Fruit tree
Opuntia_dejecta_,Woody,Fruit tree,Fruit tree
Opuntia_engelmannii_,Woody,Fruit tree,Fruit tree
Opuntia_hyptiacantha_,Woody,Fruit tree,Fruit tree
Opuntia_leucotricha_,Woody,Fruit tree,Fruit tree
Opuntia_undulata_,Woody,Fruit tree,Fruit tree
Passiflora_alata_,Woody,Fruit tree,Fruit tree
Passiflora_antioquiensis_,Woody,Fruit tree,Fruit tree
Passiflora_edulis,Woody,Fruit tree,Fruit tree
Passiflora_laurifolia_,Woody,Fruit tree,Fruit tree
Passiflora_ligularis_,Woody,Fruit tree,Fruit tree
Passiflora_maliformis_,Woody,Fruit tree,Fruit tree
Passiflora_mollissima_,Woody,Fruit tree,Fruit tree
Passiflora_pinnatistipula_,Woody,Fruit tree,Fruit tree
Passiflora_quadrangularis_,Woody,Fruit tree,Fruit tree
Pereskia_aculeata_,Woody,Fruit tree,Fruit tree
Persea_americana_,Woody,Fruit tree,Fruit tree
Persea_schiedeana_,Woody,Fruit tree,Fruit tree
Phoenix_dactylifera_,Woody,Fruit tree,Fruit tree
Phyllanthus_emblica,Woody,Fruit tree,Fruit tree
Piper_nigrum,Woody,Fruit tree,Fruit tree
Piper_retrofractum,Woody,Fruit tree,Fruit tree
Plinia_cauliflora,Woody,Fruit tree,Fruit tree
Pouteria_campechiana_,Woody,Fruit tree,Fruit tree
Pouteria_lucuma_,Woody,Fruit tree,Fruit tree
Pouteria_macrophylla,Woody,Fruit tree,Fruit tree
Pouteria_procera_,Woody,Fruit tree,Fruit tree
Pouteria_sapota_,Woody,Fruit tree,Fruit tree
Pouteria_viridis_,Woody,Fruit tree,Fruit tree
Prunus_americana,Woody,Fruit tree,Fruit tree
Prunus_angustifolia,Woody,Fruit tree,Fruit tree
Prunus_armeniaca,Woody,Fruit tree,Fruit tree
Prunus_avium,Woody,Fruit tree,Fruit tree
Prunus_cerasus_,Woody,Fruit tree,Fruit tree
Prunus_domestica_,Woody,Fruit tree,Fruit tree
Prunus_dulcis,Woody,Fruit tree,Fruit tree
Prunus_kansuensis,Woody,Fruit tree,Fruit tree
Prunus_mira,Woody,Fruit tree,Fruit tree
Prunus_mume,Woody,Fruit tree,Fruit tree
Prunus_munsoniana,Woody,Fruit tree,Fruit tree
Prunus_nigra,Woody,Fruit tree,Fruit tree
Prunus_persica,Woody,Fruit tree,Fruit tree
Prunus_pseudocerasus,Woody,Fruit tree,Fruit tree
Prunus_salicina,Woody,Fruit tree,Fruit tree
Prunus_simonii,Woody,Fruit tree,Fruit tree
Prunus_tenella,Woody,Fruit tree,Fruit tree
Prunus_tomentosa,Woody,Fruit tree,Fruit tree
Prunus_ussuriensis,Woody,Fruit tree,Fruit tree
Pseudocydonia_sinensis_,Woody,Fruit tree,Fruit tree
Psidium_acutangulum_,Woody,Fruit tree,Fruit tree
Psidium_cattleyanum_,Woody,Fruit tree,Fruit tree
Psidium_friedrichsthalianum,Woody,Fruit tree,Fruit tree
Psidium_guajava,Woody,Fruit tree,Fruit tree
Psidium_guineense_,Woody,Fruit tree,Fruit tree
Psidium_oligospermum,Woody,Fruit tree,Fruit tree
Punica_granatum,Woody,Fruit tree,Fruit tree
Pyracantha_coccinea,Woody,Fruit tree,Fruit tree
Pyrus_bretschneideri,Woody,Fruit tree,Fruit tree
Pyrus_communis,Woody,Fruit tree,Fruit tree
Pyrus_pyrifolia,Woody,Fruit tree,Fruit tree
Rhodomyrtus_tomentosa_,Woody,Fruit tree,Fruit tree
Rhus_coriaria,Woody,Fruit tree,Fruit tree
Ribes_aureum,Woody,Fruit tree,Fruit tree
Ribes_cynosbati,Woody,Fruit tree,Fruit tree
Ribes_nigrum,Woody,Fruit tree,Fruit tree
Ribes_petraeum,Woody,Fruit tree,Fruit tree
Ribes_rubrum,Woody,Fruit tree,Fruit tree
Ribes_spicatum,Woody,Fruit tree,Fruit tree
Ribes_uva-crispa,Woody,Fruit tree,Fruit tree
Rubus_chamaemorus,Woody,Fruit tree,Fruit tree
Rubus_fruticosus,Woody,Fruit tree,Fruit tree
Rubus_glaucus,Woody,Fruit tree,Fruit tree
Rubus_idaeus,Woody,Fruit tree,Fruit tree
Rubus_idaeus_subsp._strigosus,Woody,Fruit tree,Fruit tree
Rubus_illecebrosus,Woody,Fruit tree,Fruit tree
Rubus_laciniatus,Woody,Fruit tree,Fruit tree
Rubus_occidentalis,Woody,Fruit tree,Fruit tree
Rubus_occidentalis,Woody,Fruit tree,Fruit tree
Rubus_rosifolius,Woody,Fruit tree,Fruit tree
Rubus_ursinus,Woody,Fruit tree,Fruit tree
Sandoricum_koetjape,Woody,Fruit tree,Fruit tree
Selenicereus_undatus_,Woody,Fruit tree,Fruit tree
Solanum_macrocarpon,Woody,Fruit tree,Fruit tree
Spondias_dulcis_,Woody,Fruit tree,Fruit tree
Spondias_mombin_,Woody,Fruit tree,Fruit tree
Spondias_pinnata_,Woody,Fruit tree,Fruit tree
Syzygium_cumini_,Woody,Fruit tree,Fruit tree
Syzygium_formosum_,Woody,Fruit tree,Fruit tree
Syzygium_jambos_,Woody,Fruit tree,Fruit tree
Syzygium_malaccense_,Woody,Fruit tree,Fruit tree
Syzygium_samarangense_,Woody,Fruit tree,Fruit tree
Tamarindus_indica,Woody,Fruit tree,Fruit tree
Vaccinium_ashei_,Woody,Fruit tree,Fruit tree
Vaccinium_corymbosum,Woody,Fruit tree,Fruit tree
Vaccinium_oxycoccos,Woody,Fruit tree,Fruit tree
Vasconcellea_×_pentagona,Woody,Fruit tree,Fruit tree
Vitex_doniana_,Woody,Fruit tree,Fruit tree
Vitis_amurensis_,Woody,Fruit tree,Fruit tree
Vitis_davidii,Woody,Fruit tree,Fruit tree
Vitis_vinifera,Woody,Fruit tree,Fruit tree
Zanthoxylum_bungeanum,Woody,Fruit tree,Fruit tree
Ziziphus_jujuba,Woody,Fruit tree,Fruit tree
Triphasia_trifolia_,Woody,Fruit tree,Fruit tree
Crataegus_hupehensis,Woody,Fruit tree,Fruit tree
Elaeagnus_umbellata_,Woody,Fruit tree,Fruit tree
Phyllanthus_distichus_,Woody,Fruit tree --CHECK NAME AFTER!!,Fruit tree
Sambucus_nigra,Woody,Fruit tree (but check domestication),NA
Bunchosia_armeniaca,Herbaceous,Fruit tree (but domestication not clear -- ecosystem engineering??),NA
Bouea_macrophylla,Woody,Fruit tree (but domestication not clear -- ecosystem engineering??),NA
Amelanchier_canadensis,Woody,Fruit tree (but domestication not clear),NA
Malpighia_glabra_,Woody,Fruit tree (but domestication unclear),NA
Rubus_phoenicolasius,Woody,Fruit tree (but not sure how much it has been domesticated),NA
Muntingia_calabura_,Woody,Fruit tree [no evidence for domestication],NA
Camellia_sinensis,Woody,"Fruit tree [not domesticated for fruit, but pathway similar]",NA
Camellia_sinensis_var._assamica,Woody,"Fruit tree [not domesticated for fruit, but pathway similar]",NA
Baccaurea_motleyana,Woody,Fruit tree // Ecosystem engineering,Fruit tree / Ecosystem engineering
Coccoloba_uvifera_,Woody,Fruit tree // Ecosystem engineering,Fruit tree / Ecosystem engineering
Opuntia_dillenii_,Woody,Fruit tree // Ecosystem engineering,Fruit tree / Ecosystem engineering
Opuntia_elatior_,Woody,Fruit tree // Ecosystem engineering,Fruit tree / Ecosystem engineering
Opuntia_robusta_,Woody,Fruit tree // Ecosystem engineering,Fruit tree / Ecosystem engineering
Berberis_vulgaris,Woody,Fruit tree but check domestication,NA
Viola_hamiltoniana,Herbaceous,Get rid of it,NA
Desmodium_intortum,Herbaceous,Get rid off,NA
Elymus_repens,Herbaceous,Get rid off,NA
Miscanthus_sacchariflorus,Herbaceous,Get rid off,NA
Amaranthus_caudatus,Herbaceous,Grain,Grain
Amaranthus_cruentus_,Herbaceous,Grain,Grain
Amphicarpaea_bracteata,Herbaceous,Grain,Grain
Arachis_glabrata,Herbaceous,Grain,Grain
Arachis_hypogaea,Herbaceous,Grain,Grain
Arachis_villosulicarpa,Herbaceous,Grain,Grain
Brassica_carinata_,Herbaceous,Grain,Grain
Brassica_napus,Herbaceous,Grain,Grain
Brassica_nigra_,Herbaceous,Grain,Grain
Brassica_oleracea,Herbaceous,Grain,Grain
Cajanus_cajan,Herbaceous,Grain,Grain
Canavalia_cathartica,Herbaceous,Grain,Grain
Canavalia_ensiformis,Herbaceous,Grain,Grain
Canavalia_gladiata,Herbaceous,Grain,Grain
Canavalia_plagiosperma,Herbaceous,Grain,Grain
Chenopodium_berlandieri,Herbaceous,Grain,Grain
Chenopodium_pallidicaule_,Herbaceous,Grain,Grain
Chenopodium_quinoa,Herbaceous,Grain,Grain
Cicer_arietinum,Herbaceous,Grain,Grain
Crambe_hispanica_subsp._abyssinica,Herbaceous,Grain,Grain
Eragrostis_tef,Herbaceous,Grain,Grain
Fagopyrum_esculentum_,Herbaceous,Grain,Grain
Fagopyrum_tataricum,Herbaceous,Grain,Grain
Glycine_max,Herbaceous,Grain,Grain
Helianthus_annuus,Herbaceous,Grain,Grain
Hordeum_vulgare,Herbaceous,Grain,Grain
Lupinus_albus,Herbaceous,Grain,Grain
Lupinus_ananeanus,Herbaceous,Grain,Grain
Lupinus_angustifolius,Herbaceous,Grain,Grain
Lupinus_cosentinii,Herbaceous,Grain,Grain
Lupinus_luteus,Herbaceous,Grain,Grain
Lupinus_mutabilis,Herbaceous,Grain,Grain
Lupinus_perennis,Herbaceous,Grain,Grain
Lupinus_polyphyllus,Herbaceous,Grain,Grain
Oryza_glaberrima,Herbaceous,Grain,Grain
Oryza_meyeriana,Herbaceous,Grain,Grain
Oryza_sativa,Herbaceous,Grain,Grain
Panicum_miliaceum,Herbaceous,Grain,Grain
Phaseolus_acutifolius,Herbaceous,Grain,Grain
Phaseolus_coccineus,Herbaceous,Grain,Grain
Phaseolus_dumosus,Herbaceous,Grain,Grain
Phaseolus_lunatus_,Herbaceous,Grain,Grain
Phaseolus_maculatus_subsp._ritensis,Herbaceous,Grain,Grain
Phaseolus_vulgaris,Herbaceous,Grain,Grain
Sesamum_alatum,Herbaceous,Grain,Grain
Sesamum_indicum,Herbaceous,Grain,Grain
Sesamum_radiatum,Herbaceous,Grain,Grain
Sorghum_bicolor,Herbaceous,Grain,Grain
Triticum_aestivum,Herbaceous,Grain,Grain
Triticum_monococcum,Herbaceous,Grain,Grain
Triticum_spelta,Herbaceous,Grain,Grain
Triticum_sphaerococcum,Herbaceous,Grain,Grain
Triticum_timopheevii,Herbaceous,Grain,Grain
Triticum_turgidum,Herbaceous,Grain,Grain
Triticum_turgidum_subsp._dicoccum,Herbaceous,Grain,Grain
Triticum_turgidum_subsp._durum,Herbaceous,Grain,Grain
Vicia_faba,Herbaceous,Grain,Grain
Vicia_lens,Herbaceous,Grain,Grain
Vigna_aconitifolia,Herbaceous,Grain,Grain
Vigna_angularis,Herbaceous,Grain,Grain
Vigna_radiata,Herbaceous,Grain,Grain
Vigna_reflexopilosa,Herbaceous,Grain,Grain
Vigna_subterranea,Herbaceous,Grain,Grain
Vigna_umbellata,Herbaceous,Grain,Grain
Vigna_unguiculata,Herbaceous,Grain,Grain
Vigna_unguiculata_subsp._unguiculata,Herbaceous,Grain,Grain
Zea_mays,Herbaceous,Grain,Grain
Zizania_palustris,Herbaceous,Grain,Grain
Cyamopsis_tetragonoloba,Herbaceous,Grain,Grain
Cenchrus_americanus,Woody,Grain,Grain
Lupinus_tauris,Woody,Grain,Grain
Mucuna_pruriens,Woody,Grain,Grain
Oryza_minuta,Woody,Grain,Grain
Triticum_turgidum_subsp._carthlicum,Woody,Grain,Grain
Vigna_mungo,Herbaceous,Grain,Grain
Guizotia_abyssinica_,Herbaceous,Grain,Grain
Zizania_aquatica,Herbaceous,Grain,Grain
Lathyrus_oleraceus,Herbaceous,Grain,Grain
Lathyrus_sativus,Herbaceous,Grain,Grain
Macrotyloma_uniflorum,Herbaceous,Grain,Grain
Mesosphaerum_suaveolens_,Herbaceous,Grain,Grain
Trigonella_foenum-graecum,Herbaceous,Grain,Grain
Pimpinella_anisum,Herbaceous,Grain,Grain
Salvia_hispanica,Herbaceous,Grain,Grain
Setaria_italica,Herbaceous,Grain,Grain
Sinapis_alba,Herbaceous,Grain,Grain
Thinopyrum_intermedium_subsp._intermedium,Herbaceous,Grain,Grain
Trachyspermum_ammi,Herbaceous,Grain,Grain
Urochloa_deflexa,Herbaceous,Grain,Grain
Elymus_canadensis,Herbaceous,"Grain -- but not domesticated, used by native americans -- extant of cultivation unsure",NA
Elymus_caninus,Herbaceous,"Grain -- but not domesticated, used marginally as food plant -- get rid off?",NA
Lathyrus_cicera,Herbaceous,Grain (but probably not really domesticated),NA
Lathyrus_ochrus,Herbaceous,Grain (but probably not really domesticated),NA
Psophocarpus_tetragonolobus,Herbaceous,Grain (but tubers too),Grain
Setaria_macrostachya,Herbaceous,Grain (humans and animals; fodder too),Grain
Brassica_rapa,Herbaceous,"Grain (initially, but then root crop too)",Grain
Sorghum_almum,Herbaceous,HYBRID -- PROB RECENT FOR FODDER,Fodder
Sorghum_drummondii,Herbaceous,Hybrid --get rid off,NA
Deschampsia_cespitosa,Herbaceous,Likely used a food plant by native americans -- get rid off?,NA
Xanthium_strumarium_,Herbaceous,"Medicinal plant, uncultivated",NA
Pisonia_umbellifera,Woody,"Medicinal tree, does not seem cultivated, get rid off??",NA
Spondias_radlkoferi_,Woody,"Medicinal, but cultivation usure -- get rid off??",NA
Prosopis_strombulifera,Woody,"Medicinal, but unlikely cultivated -- get rid off",NA
Polyscias_fruticosa_,Woody,Mostly structural as edge -- get rid off,NA
Bromelia_pinguin,Herbaceous,"Wild food plant, not domesticated and probably not much cultivated -- get rid off?",NA
Calystegia_sepium,Herbaceous,"Wild food plant, not domesticated and probably not much cultivated -- get rid off?",NA
Carpobrotus_edulis_,Herbaceous,"Wild food plant, not domesticated and probably not much cultivated -- get rid off?",NA
Wolffia_arrhiza_,Herbaceous,NO ANCIENT CULTIVATIO -- get rid off,NA
Gymnema_inodorum_,Woody,Not cultivated-- get rid of,NA
Valeriana_sambucifolia_,Herbaceous,"Not cultivated, get rid off",NA
Sanguisorba_officinalis,Herbaceous,"Not for food, get rid off -- one ornemental cultivar",NA
Malpighia_urens_,Woody,Not really domesticated but cultivated at small scale locally,NA
Chrysanthemum_×_morifolium_,Herbaceous,Ornemental (directed pathway -- analysed together with fibre),Ornamental
Passiflora_caerulea_,Woody,Ornemental // directed pathway,Ornamental
Hemerocallis_fulva,Herbaceous,Ornemental plant -- get rid off?,NA
Lathyrus_sylvestris,Herbaceous,Ornemental probably recent selection-- get rid off?,NA
Linaria_japonica_,Herbaceous,Ornemental probably recent selection-- get rid off?,NA
Peltophorum_pterocarpum,Woody,Ornemental tree -- get rid off?,NA
Jatropha_multifida_,Woody,Ornemental tree -- get rid off?,NA
Etlingera_elatior_,Herbaceous,Ornemental/Tuber (directed pathway -- analysed together with fibre),Ornamental
Brasenia_schreberi_,Herbaceous,REMOVE??,NA
Abelmoschus_esculentus_,Herbaceous,Ruderal,Ruderal
Abelmoschus_manihot,Herbaceous,Ruderal,Ruderal
Abelmoschus_moschatus_,Herbaceous,Ruderal,Ruderal
Acmella_oleracea,Herbaceous,Ruderal,Ruderal
Amaranthus_dubius_,Herbaceous,Ruderal,Ruderal
Amaranthus_tricolor_,Herbaceous,Ruderal,Ruderal
Anethum_graveolens,Herbaceous,Ruderal,Ruderal
Angelica_archangelica_,Herbaceous,Ruderal,Ruderal
Angelica_japonica_,Herbaceous,Ruderal,Ruderal
Anthriscus_cerefolium,Herbaceous,Ruderal,Ruderal
Apium_graveolens_,Herbaceous,Ruderal,Ruderal
Aralia_cordata_,Herbaceous,Ruderal,Ruderal
Artemisia_dracunculus_,Herbaceous,Ruderal,Ruderal
Atriplex_hortensis,Herbaceous,Ruderal,Ruderal
Barbarea_verna,Herbaceous,Ruderal,Ruderal
Barbarea_vulgaris_,Herbaceous,Ruderal,Ruderal
Basella_alba,Herbaceous,Ruderal,Ruderal
Benincasa_hispida,Herbaceous,Ruderal,Ruderal
Beta_palonga,Herbaceous,Ruderal,Ruderal
Beta_vulgaris_subsp._vulgaris,Herbaceous,Ruderal,Ruderal
Blitum_bonus-henricus,Herbaceous,Ruderal,Ruderal
Blitum_capitatum,Herbaceous,Ruderal,Ruderal
Blitum_virgatum,Herbaceous,Ruderal,Ruderal
Boehmeria_nivea,Herbaceous,Ruderal,Ruderal
Borago_officinalis_,Herbaceous,Ruderal,Ruderal
Brassica_juncea,Herbaceous,Ruderal,Ruderal
Capsicum_annuum,Herbaceous,Ruderal,Ruderal
Capsicum_baccatum,Herbaceous,Ruderal,Ruderal
Capsicum_chinense,Herbaceous,Ruderal,Ruderal
Capsicum_pubescens,Herbaceous,Ruderal,Ruderal
Chenopodium_album,Herbaceous,Ruderal,Ruderal
Citrullus_lanatus,Herbaceous,Ruderal,Ruderal
Coriandrum_sativum,Herbaceous,Ruderal,Ruderal
Cucumis_metulifer,Herbaceous,Ruderal,Ruderal
Cucumis_sativus_var._sativus_,Herbaceous,Ruderal,Ruderal
Cucurbita_argyrosperma,Herbaceous,Ruderal,Ruderal
Cucurbita_ficifolia,Herbaceous,Ruderal,Ruderal
Cucurbita_maxima,Herbaceous,Ruderal,Ruderal
Cucurbita_moschata_,Herbaceous,Ruderal,Ruderal
Cucurbita_pepo,Herbaceous,Ruderal,Ruderal
Cuminum_cyminum,Herbaceous,Ruderal,Ruderal
Cyclanthera_pedata_,Herbaceous,Ruderal,Ruderal
Foeniculum_vulgare,Herbaceous,Ruderal,Ruderal
Hodgsonia_macrocarpa,Herbaceous,Ruderal,Ruderal
Iva_annua_,Herbaceous,Ruderal,Ruderal
Jaltomata_procumbens,Herbaceous,Ruderal,Ruderal
Lactuca_indica_,Herbaceous,Ruderal,Ruderal
Lactuca_sativa,Herbaceous,Ruderal,Ruderal
Lactuca_serriola_,Herbaceous,Ruderal,Ruderal
Lagenaria_siceraria,Herbaceous,Ruderal,Ruderal
Luffa_acutangula,Herbaceous,Ruderal,Ruderal
Luffa_aegyptiaca,Herbaceous,Ruderal,Ruderal
Momordica_balsamina,Herbaceous,Ruderal,Ruderal
Momordica_charantia,Herbaceous,Ruderal,Ruderal
Physalis_ixocarpa,Herbaceous,Ruderal,Ruderal
Physalis_peruviana,Herbaceous,Ruderal,Ruderal
Physalis_philadelphica_,Herbaceous,Ruderal,Ruderal
Physalis_pubescens,Herbaceous,Ruderal,Ruderal
Rumex_acetosa_,Herbaceous,Ruderal,Ruderal
Saccharum_officinarum,Herbaceous,Ruderal,Ruderal
Sechium_tacaco_,Herbaceous,Ruderal,Ruderal
Solanum_aethiopicum,Herbaceous,Ruderal,Ruderal
Solanum_anomalum,Herbaceous,Ruderal,Ruderal
Solanum_curtilobum,Herbaceous,Ruderal,Ruderal
Solanum_lycopersicum__Heinz_1706,Herbaceous,Ruderal,Ruderal
Solanum_lycopersicum__Moneymaker,Herbaceous,Ruderal,Ruderal
Solanum_lycopersicum_var._Cerasiforme,Herbaceous,Ruderal,Ruderal
Solanum_melongena,Herbaceous,Ruderal,Ruderal
Solanum_muricatum,Herbaceous,Ruderal,Ruderal
Solanum_scabrum,Herbaceous,Ruderal,Ruderal
Solanum_sessiliflorum,Herbaceous,Ruderal,Ruderal
Solanum_viride,Herbaceous,Ruderal,Ruderal
Spinacia_oleracea,Herbaceous,Ruderal,Ruderal
Trichosanthes_cucumerina_,Herbaceous,Ruderal,Ruderal
Trichosanthes_kirilowii,Herbaceous,Ruderal,Ruderal
Carum_carvi,Herbaceous,Ruderal,Ruderal
Ceratotheca_sesamoides,Herbaceous,Ruderal,Ruderal
Cryptotaenia_japonica_,Herbaceous,Ruderal,Ruderal
Dysphania_ambrosioides,Herbaceous,Ruderal,Ruderal
Eruca_vesicaria_subsp._sativa,Herbaceous,Ruderal,Ruderal
Hibiscus_sabdariffa_,Herbaceous,Ruderal,Ruderal
Humulus_lupulus_,Herbaceous,Ruderal,Ruderal
Lepidium_ruderale_,Herbaceous,Ruderal,Ruderal
Lepidium_sativum_,Herbaceous,Ruderal,Ruderal
Levisticum_officinale,Herbaceous,Ruderal,Ruderal
Mentha_×_piperita,Herbaceous,Ruderal,Ruderal
Mentha_canadensis,Herbaceous,Ruderal,Ruderal
Mentha_spicata,Herbaceous,Ruderal,Ruderal
Nasturtium_officinale_,Herbaceous,Ruderal,Ruderal
Nicotiana_tabacum,Herbaceous,Ruderal,Ruderal
Ocimum_basilicum,Herbaceous,Ruderal,Ruderal
Oenanthe_javanica_,Herbaceous,Ruderal,Ruderal
Papaver_somniferum,Herbaceous,Ruderal,Ruderal
Persicaria_hydropiper_,Herbaceous,Ruderal,Ruderal
Persicaria_odorata,Herbaceous,Ruderal,Ruderal
Rorippa_indica_,Herbaceous,Ruderal,Ruderal
Cucumis_anguria,Woody,Ruderal,Ruderal
Cucumis_maderaspatana,Woody,Ruderal,Ruderal
Cucumis_melo,Woody,Ruderal,Ruderal
Cucurbita_pepo,Woody,Ruderal,Ruderal
Rumex_alpinus_,Woody,Ruderal,Ruderal
Solanum_betaceum,Woody,Ruderal,Ruderal
Solanum_incanum,Woody,Ruderal,Ruderal
Solanum_quitoense,Woody,Ruderal,Ruderal
Chamaemelum_nobile,Herbaceous,Ruderal,Ruderal
Hibiscus_radiatus_,Woody,Ruderal,Ruderal
Origanum_majorana_,Herbaceous,Ruderal,Ruderal
Rosmarinus_officinalis,Herbaceous,Ruderal,Ruderal
Salsola_komarovii,Herbaceous,Ruderal,Ruderal
Salvia_officinalis_,Herbaceous,Ruderal,Ruderal
Thymus_vulgaris,Herbaceous,Ruderal,Ruderal
Valerianella_locusta,Herbaceous,Ruderal,Ruderal
Glycyrrhiza_glabra,Woody,Ruderal,Ruderal
Glebionis_coronaria_,Herbaceous,Ruderal,Ruderal
Origanum_vulgare,Herbaceous,Ruderal,Ruderal
Celosia_argentea_,Woody,Ruderal,Ruderal
Cnidoscolus_aconitifolius_,Woody,Ruderal,Ruderal
Crotalaria_longirostrata,Woody,Ruderal,Ruderal
Monstera_deliciosa_,Woody,Ruderal,Ruderal
Houttuynia_cordata_,Herbaceous,Ruderal,Ruderal
Inula_racemosa_,Herbaceous,Ruderal,Ruderal
Ipomoea_aquatica,Herbaceous,Ruderal,Ruderal
Ipomoea_eriocarpa,Herbaceous,Ruderal,Ruderal
Isatis_tinctoria_,Herbaceous,Ruderal,Ruderal
Malva_verticillata_,Herbaceous,Ruderal,Ruderal
Matricaria_chamomilla,Herbaceous,Ruderal,Ruderal
Myrrhis_odorata_,Herbaceous,Ruderal,Ruderal
Nigella_sativa,Herbaceous,Ruderal,Ruderal
Rumex_patientia_,Herbaceous,Ruderal,Ruderal
Rumex_scutatus_,Herbaceous,Ruderal,Ruderal
Stevia_rebaudiana_,Herbaceous,Ruderal,Ruderal
Tropaeolum_majus,Herbaceous,Ruderal,Ruderal
Talinum_fruticosum,Herbaceous,Ruderal,Ruderal
Talinum_paniculatum,Herbaceous,Ruderal,Ruderal
Trapa_natans,Herbaceous,Ruderal,Ruderal
Plectranthus_amboinicus_,Herbaceous,Ruderal,Ruderal
Plukenetia_volubilis,Herbaceous,Ruderal,Ruderal
Peperomia_pellucida,Herbaceous,Ruderal,Ruderal
Phytolacca_acinosa_,Herbaceous,Ruderal,Ruderal
Piper_auritum,Herbaceous,Ruderal,Ruderal
Portulaca_oleracea,Herbaceous,Ruderal,Ruderal
Proboscidea_louisianica_,Herbaceous,Ruderal,Ruderal
Pugionium_cornutum_,Herbaceous,Ruderal,Ruderal
Suaeda_glauca,Herbaceous,Ruderal,Ruderal
Taraxacum_campylodes,Herbaceous,Ruderal,Ruderal
Tetragonia_tetragonoides,Herbaceous,Ruderal,Ruderal
Petasites_japonicus_,Herbaceous,Ruderal (but cultivation not extensive),NA
Talinum_portulacifolium,Herbaceous,Ruderal (but domestication unclear),NA
Veronica_anagallis-aquatica_,Herbaceous,Ruderal (but domestication unclear),NA
Bergenia_crassifolia_,Woody,"Ruderal (but medicinal only, and domestication only for horticultural breeding for its flowers )",NA
Bassia_indica,Herbaceous,"Ruderal (but medicinal only, and no domestication)",NA
Tanacetum_vulgare_,Herbaceous,Ruderal (but medicinal only),NA
Plantago_major_,Herbaceous,Ruderal (but medicinal),NA
Carthamus_tinctorius_,Herbaceous,Ruderal (but mostly used as a spice),NA
Rumex_obtusifolius_,Herbaceous,Ruderal (but non domesticated and cultivation very limited),NA
Cleome_gynandra,Herbaceous,"Ruderal (but not domesticated, and typically harvested from the wild as a weed, rather than cultivated)",NA
Sida_rhombifolia_,Woody,Ruderal (but only local cultivation as medicinal plant),NA
Ammi_majus,Herbaceous,"Ruderal (but only medicinal plant, cultivated with a long history of herbal use going back to at least 2,000BC in Egypt)",NA
Asclepias_syriaca,Herbaceous,Ruderal (but unlikely domesticated),NA
Blainvillea_acmella_,Herbaceous,Ruderal (but unlikely domesticated),NA
Oxalis_tetraphylla,Herbaceous,Ruderal (but use for food probably very limited),NA
Claytonia_perfoliata_,Herbaceous,Ruderal (locally cultivated but unlikely domesticated),NA
Malva_sylvestris_,Woody,Ruderal //ornemental ==> directed pathway,Ruderal/Ornamental
Sanguisorba_minor,Herbaceous,Ruderal but cultivation only occasional -- get rid off?,NA
Petunia_hybrida_,Woody,Ruderal/ornemental,Ruderal/Ornamental
Cynara_cardunculus_,Herbaceous,Ruderal/Tuber (vegetatively propagated),Ruderal/Tuber
Avena_sativa,Herbaceous,Segetal,Segetal
Digitaria_exilis,Herbaceous,Segetal,Segetal
Digitaria_iburua,Herbaceous,Segetal,Segetal
Digitaria_sanguinalis,Herbaceous,Segetal,Segetal
Echinochloa_colona,Herbaceous,Segetal,Segetal
Echinochloa_esculenta,Herbaceous,Segetal,Segetal
Echinochloa_frumentacea,Herbaceous,Segetal,Segetal
Eleusine_coracana,Herbaceous,Segetal,Segetal
Panicum_hirticaule,Herbaceous,Segetal,Segetal
Paspalum_scrobiculatum,Herbaceous,Segetal,Segetal
Secale_cereale,Herbaceous,Segetal,Segetal
Vicia_sativa,Herbaceous,Segetal,Segetal
Tripsacum_dactyloides,Herbaceous,Segetal,Segetal
Setaria_parviflora,Herbaceous,Segetal,Segetal
Phacelia_tanacetifolia_,Herbaceous,"Segetal -- used as green fodder, but probably recent -- get rid off??",NA
Vicia_hirsuta,Herbaceous,Segetal (but cultivation probably very small scale),NA
Vicia_pannonica,Herbaceous,Segetal (but cultivation probably very small scale),NA
Aeschynomene_americana,Herbaceous,Segetal (but not domesticated for human use),Segetal
Agropyron_cristatum,Herbaceous,Segetal (but not domesticated for human use),Segetal
Bouteloua_curtipendula,Herbaceous,Segetal (but not domesticated for human use),Segetal
Bouteloua_eriopoda,Herbaceous,Segetal (but not domesticated for human use),Segetal
Bouteloua_gracilis,Herbaceous,Segetal (but not domesticated for human use),Segetal
Bouteloua_repens,Herbaceous,Segetal (but not domesticated for human use),Segetal
Bromus_catharticus,Herbaceous,Segetal (but not domesticated for human use),Segetal
Bromus_marginatus,Herbaceous,Segetal (but not domesticated for human use),Segetal
Bromus_secalinus,Herbaceous,Segetal (but not domesticated for human use),Segetal
Medicago_sativa,Herbaceous,Segetal (but not domesticated for human use),Segetal
Medicago_truncatula,Herbaceous,Segetal (but not domesticated for human use),Segetal
Nassella_viridula,Herbaceous,Segetal (but not domesticated for human use),Segetal
Trifolium_alexandrinum,Herbaceous,Segetal (but not domesticated for human use),Segetal
Trifolium_fragiferum,Herbaceous,Segetal (but not domesticated for human use),Segetal
Trifolium_hybridum,Herbaceous,Segetal (but not domesticated for human use),Segetal
Trifolium_incarnatum,Herbaceous,Segetal (but not domesticated for human use),Segetal
Trifolium_pannonicum,Herbaceous,Segetal (but not domesticated for human use),Segetal
Trifolium_pratense,Herbaceous,Segetal (but not domesticated for human use),Segetal
Trifolium_repens,Herbaceous,Segetal (but not domesticated for human use),Segetal
Trifolium_resupinatum,Herbaceous,Segetal (but not domesticated for human use),Segetal
Trifolium_semipilosum,Herbaceous,Segetal (but not domesticated for human use),Segetal
Trifolium_subterraneum,Herbaceous,Segetal (but not domesticated for human use),Segetal
Vicia_articulata,Herbaceous,Segetal (but not domesticated for human use),Segetal
Vicia_cracca,Herbaceous,Segetal (but not domesticated for human use),Segetal
Vicia_ervilia,Herbaceous,Segetal (but not domesticated for human use),Segetal
Vicia_ludoviciana,Herbaceous,Segetal (but not domesticated for human use),Segetal
Vicia_monantha,Herbaceous,Segetal (but not domesticated for human use),Segetal
Cnidoscolus_urens_,Woody,Segetal (but not domesticated for human use),Segetal
Trifolium_ambiguum,Woody,Segetal (but not domesticated for human use),Segetal
Neustanthus_phaseoloides,Herbaceous,Segetal (but only for fodder and cover crop),Segetal
Pseudoroegneria_spicata,Herbaceous,"Segetal (but only for fodder, and probably quite recent)",Segetal
Echinochloa_crus-pavonis,Herbaceous,Segetal (but only for fodder),Segetal
Eriochloa_polystachya,Herbaceous,Segetal (but only for fodder),Segetal
Paspalum_distichum,Herbaceous,Segetal (but only for fodder),Segetal
Paspalum_notatum,Herbaceous,Segetal (but only for fodder),Segetal
Paspalum_plicatulum,Herbaceous,Segetal (but only for fodder),Segetal
Poa_compressa,Herbaceous,Segetal (but only for fodder),Segetal
Poa_nemoralis,Herbaceous,Segetal (but only for fodder),Segetal
Poa_pratensis,Herbaceous,Segetal (but only for fodder),Segetal
Elymus_smithii,Herbaceous,Segetal (but only for fodder),Segetal
Vicia_benghalensis,Woody,Segetal (but only for fodder),Segetal
Vicia_narbonensis,Woody,Segetal (but only for fodder),Segetal
Galega_officinalis,Herbaceous,Segetal (but only for fodder),Segetal
Vicia_villosa,Herbaceous,Segetal (but only for fodder),Segetal
Lolium_perenne,Herbaceous,Segetal (but only for fodder),Segetal
Medicago_lupulina,Herbaceous,Segetal (but only for fodder),Segetal
Melilotus_officinalis_,Herbaceous,Segetal (but only for fodder),Segetal
Phleum_pratense,Herbaceous,Segetal (but only for fodder),Segetal
Paspalum_dilatatum,Herbaceous,Segetal (but only for to prevent erosion -- probably not very ancient),Segetal
Polytoca_gigantea,Herbaceous,Segetal (but only medicinal),Segetal
Panicum_antidotale,Herbaceous,Segetal (probably limited -- recorded in India),Segetal
Allium_ampeloprasum_subsp._ampeloprasum,Herbaceous,Tuber,Tuber
Allium_cepa,Herbaceous,Tuber,Tuber
Allium_chinense,Herbaceous,Tuber,Tuber
Allium_fistulosum,Herbaceous,Tuber,Tuber
Allium_ledebourianum,Herbaceous,Tuber,Tuber
Allium_macrostemon,Herbaceous,Tuber,Tuber
Allium_oschaninii,Herbaceous,Tuber,Tuber
Allium_ramosum,Herbaceous,Tuber,Tuber
Allium_sativum,Herbaceous,Tuber,Tuber
Allium_schoenoprasum,Herbaceous,Tuber,Tuber
Allium_scorodoprasum,Herbaceous,Tuber,Tuber
Allium_tuberosum,Herbaceous,Tuber,Tuber
Alocasia_cucullata_,Herbaceous,Tuber,Tuber
Alocasia_macrorrhizos_,Herbaceous,Tuber,Tuber
Amorphophallus_harmandii_,Herbaceous,Tuber,Tuber
Amorphophallus_paeoniifolius_,Herbaceous,Tuber,Tuber
Apios_americana,Herbaceous,Tuber,Tuber
Arctium_lappa_,Herbaceous,Tuber,Tuber
Armoracia_rusticana_,Herbaceous,Tuber,Tuber
Arracacia_xanthorrhiza_,Herbaceous,Tuber,Tuber
Asparagus_officinalis,Herbaceous,Tuber,Tuber
Bomarea_edulis_,Herbaceous,Tuber,Tuber
Campanula_rapunculus_,Herbaceous,Tuber,Tuber
Cardiocrinum_cordatum,Herbaceous,Tuber,Tuber
Colocasia_esculenta,Herbaceous,Tuber,Tuber
Cyperus_cyperoides_,Herbaceous,Tuber,Tuber
Cyperus_esculentus,Herbaceous,Tuber,Tuber
Cyrtosperma_merkusii_,Herbaceous,Tuber,Tuber
Dahlia_pinnata_,Herbaceous,Tuber,Tuber
Daucus_carota_subsp._sativus_,Herbaceous,Tuber,Tuber
Dioscorea_alata_,Herbaceous,Tuber,Tuber
Dioscorea_bulbifera,Herbaceous,Tuber,Tuber
Dioscorea_cayennensis,Herbaceous,Tuber,Tuber
Dioscorea_dumetorum,Herbaceous,Tuber,Tuber
Dioscorea_esculenta_,Herbaceous,Tuber,Tuber
Dioscorea_japonica_,Herbaceous,Tuber,Tuber
Dioscorea_pentaphylla_,Herbaceous,Tuber,Tuber
Dioscorea_piperifolia_,Herbaceous,Tuber,Tuber
Dioscorea_quartiniana_,Herbaceous,Tuber,Tuber
Dioscorea_trifida_,Herbaceous,Tuber,Tuber
Eleocharis_dulcis_,Herbaceous,Tuber,Tuber
Glycyrrhiza_echinata,Herbaceous,Tuber,Tuber
Helianthus_tuberosus_,Herbaceous,Tuber,Tuber
Ipomoea_batatas,Herbaceous,Tuber,Tuber
Lilium_lancifolium_,Herbaceous,Tuber,Tuber
Lilium_leichtlinii,Herbaceous,Tuber,Tuber
Maranta_arundinacea,Herbaceous,Tuber,Tuber
Musa_×_paradisiaca,Herbaceous,Tuber,Tuber
Musa_textilis,Herbaceous,Tuber,Tuber
Oxalis_tuberosa,Herbaceous,Tuber,Tuber
Pachyrhizus_ahipa,Herbaceous,Tuber,Tuber
Pachyrhizus_erosus,Herbaceous,Tuber,Tuber
Pachyrhizus_tuberosus,Herbaceous,Tuber,Tuber
Pastinaca_sativa,Herbaceous,Tuber,Tuber
Plectranthus_esculentus_,Herbaceous,Tuber,Tuber
Pueraria_montana,Herbaceous,Tuber,Tuber
Raphanus_sativus,Herbaceous,Tuber,Tuber
Sagittaria_sagittifolia,Herbaceous,Tuber,Tuber
Saussurea_costus_,Herbaceous,Tuber,Tuber
Smallanthus_sonchifolius,Herbaceous,Tuber,Tuber
Solanum_tuberosum,Herbaceous,Tuber,Tuber
Sphenostylis_stenocarpa,Herbaceous,Tuber,Tuber
Stachys_affinis,Herbaceous,Tuber,Tuber
Ullucus_tuberosus_,Herbaceous,Tuber,Tuber
Xanthosoma_sagittifolium_,Herbaceous,Tuber,Tuber
Bunium_bulbocastanum_,Herbaceous,Tuber,Tuber
Chaerophyllum_bulbosum,Herbaceous,Tuber,Tuber
Cichorium_endivia,Herbaceous,Tuber,Tuber
Cichorium_intybus,Herbaceous,Tuber,Tuber
Decalobanthus_mammosus_,Herbaceous,Tuber,Tuber
Eutrema_japonicum,Herbaceous,Tuber,Tuber
Lepidium_meyenii_,Herbaceous,Tuber,Tuber
Amorphophallus_konjac_,Woody,Tuber,Tuber
Cyperus_articulatus_,Woody,Tuber,Tuber
Dioscorea_nummularia_,Woody,Tuber,Tuber
Lilium_auratum,Woody,Tuber,Tuber
Manihot_esculenta_,Woody,Tuber,Tuber
Nelumbo_nucifera,Woody,Tuber,Tuber
Tacca_leontopetaloides_,Woody,Tuber,Tuber
Tropaeolum_tuberosum,Woody,Tuber,Tuber
Crocus_sativus_,Herbaceous,Tuber,Tuber
Typha_latifolia_,Herbaceous,"Tuber -- but not cultivated, harvested from wild -- get rid off",NA
Trichosanthes_pilosa,Herbaceous,Tuber (and fruit),Tuber
Zingiber_mioga,Herbaceous,Tuber (but flowers and shoots are used),Tuber
Elettaria_cardamomum,Herbaceous,Tuber (but fruit/seeds is used),Tuber
Euryale_ferox_,Herbaceous,Tuber (but fruit/seeds is used),Tuber
Vanilla_planifolia,Herbaceous,Tuber (but fruit/seeds is used),Tuber
Bambusa_bambos,Herbaceous,Tuber (but it's not clear it has been much domesticated),Tuber
Bambusa_multiplex,Herbaceous,Tuber (but it's not clear it has been much domesticated),Tuber
Bambusa_odashimae,Herbaceous,Tuber (but it's not clear it has been much domesticated),Tuber
Bambusa_vulgaris,Herbaceous,Tuber (but it's not clear it has been much domesticated),Tuber
Lathyrus_tuberosus,Herbaceous,Tuber (but it's not clear it has been much domesticated),Tuber
Phragmites_australis,Herbaceous,Tuber (but it's not clear it has been much domesticated),Tuber
Phyllostachys_dulcis,Herbaceous,Tuber (but it's not clear it has been much domesticated),Tuber
Phyllostachys_nigra,Herbaceous,Tuber (but it's not clear it has been much domesticated),Tuber
Dendrocalamus_asper,Herbaceous,Tuber (but it's not clear it has been much domesticated),Tuber
Dendrocalamus_latiflorus,Herbaceous,Tuber (but it's not clear it has been much domesticated),Tuber
Fimbribambusa_horsfieldii,Herbaceous,Tuber (but it's not clear it has been much domesticated),Tuber
Cephalostachyum_capitatum,Herbaceous,Tuber (but it's not clear it has been much domesticated),Tuber
Gigantochloa_ligulata,Woody,Tuber (but it's not clear it has been much domesticated),Tuber
Rheum_×_hybridum,Herbaceous,Tuber (but leaves are used),Tuber
Rheum_officinale,Herbaceous,Tuber (but leaves are used),Tuber
Alpinia_galanga,Herbaceous,Tuber (but more for spice than food),Tuber
Alpinia_malaccensis_,Herbaceous,Tuber (but more for spice than food),Tuber
Alpinia_officinarum,Herbaceous,Tuber (but more for spice than food),Tuber
Boesenbergia_rotunda,Herbaceous,Tuber (but more for spice than food),Tuber
Canna_indica_,Herbaceous,Tuber (but more for spice than food),Tuber
Curcuma_angustifolia,Herbaceous,Tuber (but more for spice than food),Tuber
Curcuma_heyneana_,Herbaceous,Tuber (but more for spice than food),Tuber
Curcuma_longa,Herbaceous,Tuber (but more for spice than food),Tuber
Curcuma_pierreana_,Herbaceous,Tuber (but more for spice than food),Tuber
Curcuma_zanthorrhiza_,Herbaceous,Tuber (but more for spice than food),Tuber
Kaempferia_galanga,Herbaceous,Tuber (but more for spice than food),Tuber
Kaempferia_rotunda_,Herbaceous,Tuber (but more for spice than food),Tuber
Zingiber_officinale,Herbaceous,Tuber (but more for spice than food),Tuber
Vanilla_pompona_,Herbaceous,"Tuber (vegetatively propagaged, but fruit used)",Tuber
Aframomum_melegueta_,Herbaceous,"Tuber [propagated, but more for spice than food; spice mostly fruit]",Tuber
Amomum_compactum,Herbaceous,"Tuber [propagated, but more for spice than food; spice mostly fruit]",Tuber
Amomum_subulatum,Herbaceous,"Tuber [propagated, but more for spice than food; spice mostly fruit]",Tuber
Amomum_verum,Herbaceous,"Tuber [propagated, but more for spice than food; spice mostly fruit]",Tuber
Codonopsis_lanceolata_,Woody,"Tuber, but domestication unsure",Tuber
Tropaeolum_leptophyllum,Herbaceous,"Tuber, but unlikely domesticated and use for food appear quite limited",NA
Schoenoplectus_californicus_,Herbaceous,"Usef for structure, but not cultivated -- get rif off",NA
